id,link,title,author,image_link,publisher,description,genre,format,subject,audience,collection
1060,http://catalog.douglascountylibraries.org//Record/1060,Dinner at the Homesick Restaurant,"Tyler, Anne",http://catalog.douglascountrylibraries.org/bookcover.php?isn=9780394523811&upc=&id=1060&size=small,Knopf :,"Pearl Tull is nearing the end of her life, but not her memory. Ever since 1944 when her husband left her, she has raised her three very different children on her own. Now grown, they have gathered together--with anger, with hope, and with a beautiful, harsh, and dazzling story to tell ...",,Book,Families Fiction;Runaway husbands Fiction;Mothers Death Fiction,,Books
4622,http://catalog.douglascountylibraries.org//Record/4622,Danny and the dinosaur,"Hoff, Syd, 1912-2004",http://catalog.douglascountrylibraries.org/bookcover.php?isn=9780060224653&upc=&id=4622&size=small,"Harper & Row,",A little boy is surprised and pleased when one of the dinosaurs from the museum agrees to play with him.,,Book,Dinosaurs Juvenile fiction;Play Juvenile fiction,Juvenile,Books
5048,http://catalog.douglascountylibraries.org//Record/5048,The BFG,,http://catalog.douglascountrylibraries.org/bookcover.php?isn=null&upc=&id=5048&size=small,,"Kidsnatched from her orphanage by a BFG (Big Friendly Giant), who spends his life blowing happy dreams to children, Sophie concocts with him a plan to save the world from nine other man-gobbling cannybull giants.",,,,,
18833,http://catalog.douglascountylibraries.org//Record/18833,The Berenstain bears and the truth,"Berenstain, Stan, 1923-2005;Berenstain, Jan, 1923-2012",http://catalog.douglascountrylibraries.org/bookcover.php?isn=9780812407273&upc=&id=18833&size=small,"Random House,",Brother and Sister Bear learn how important it is to tell the truth after they accidentally break Mama Bear's most favorite lamp.,,Picture Book,Honesty Juvenile fiction;Bears Juvenile fiction,,Books
19851,http://catalog.douglascountylibraries.org//Record/19851,The horse and his boy,"Lewis, C. S. 1898-1963",http://catalog.douglascountrylibraries.org/bookcover.php?isn=null&upc=&id=19851&size=small,,A boy and a talking horse share an adventurous and dangerous journey to Narnia to warn of invading barbarians.,,Book,,Juvenile,
20314,http://catalog.douglascountylibraries.org//Record/20314,Where the red fern grows :the story of two dogs and a boy,"Rawls, Wilson",http://catalog.douglascountrylibraries.org/bookcover.php?isn=9780385323307&upc=&id=20314&size=small,Bantam :,,,Book,Dogs Juvenile fiction;Human-animal relationships Juvenile fiction;Hunting dogs Juvenile fiction,Juvenile,Books
20472,http://catalog.douglascountylibraries.org//Record/20472,Winnie-the-Pooh,"Milne, A. A. 1882-1956",http://catalog.douglascountrylibraries.org/bookcover.php?isn=null&upc=&id=20472&size=small,E. P. Dutton :,,,Book,"Owl (Fictitious character) Juvenile fiction;Robin, Christopher (Fictitious character) Juvenile fiction;Teddy bears Juvenile fiction;Bears Juvenile fiction;Winnie-the-Pooh (Fictitious character) Juvenile fiction;Eeyore (Fictitious character) Juvenile fiction;Tigger (Fictitious character) Juvenile fiction;Piglet (Fictitious character) Juvenile fiction",Juvenile,Books
22749,http://catalog.douglascountylibraries.org//Record/22749,Mike Mulligan and his steam shovel,"Burton, Virginia Lee, 1909-1968",http://catalog.douglascountrylibraries.org/bookcover.php?isn=9780395169612&upc=&id=22749&size=small,"Houghton Mifflin Company,",,,Picture Book,Steam shovels Juvenile fiction,Juvenile,Books
23465,http://catalog.douglascountylibraries.org//Record/23465,Watership Down,"Adams, Richard, 1920-",http://catalog.douglascountrylibraries.org/bookcover.php?isn=9780743277709&upc=&id=23465&size=small,"Perennial,",,Adventure stories;Fantasy fiction,Book,Rabbits Fiction;Heroes Juvenile fiction,,Books
23492,http://catalog.douglascountylibraries.org//Record/23492,A Lantern in her hand,"Aldrich, Bess Streeter, 1881-1954",http://catalog.douglascountrylibraries.org/bookcover.php?isn=0140384286&upc=&id=23492&size=small,"D. Appleton & Company,","After marrying Will Deal and moving to Nebraska, Abbie endures the difficulties of frontier life and raises her children to pursue the ambitions that were once her own.",,Book,Pioneers Fiction;Frontier and pioneer life Nebraska Fiction;Families Nebraska Fiction,,Books
24728,http://catalog.douglascountylibraries.org//Record/24728,Ten apples up on top!,"LeSieg, Theo., 1904-1991",http://catalog.douglascountrylibraries.org/bookcover.php?isn=null&upc=&id=24728&size=small,"Random House, Inc.,","A lion, a dog, and a tiger balance apples on their heads.",,Book,Counting Juvenile fiction;Animals Juvenile fiction,Juvenile,Books
24767,http://catalog.douglascountylibraries.org//Record/24767,Frog and Toad together,"Lobel, Arnold",http://catalog.douglascountrylibraries.org/bookcover.php?isn=9780060239596&upc=&id=24767&size=small,Harper & Row :,"Five further adventures of two best friends as they share cookies, plant a garden, and test their bravery.",,Book,Reading rainbow (Television program) Featured book Juvenile fiction;Friendship Juvenile fiction;Frogs Juvenile fiction;Toads Juvenile fiction,Juvenile,Books
24969,http://catalog.douglascountylibraries.org//Record/24969,Little bear's friend,"Minarik, Else Holmelund",http://catalog.douglascountrylibraries.org/bookcover.php?isn=9780060242565&upc=&id=24969&size=small,"Harper,",,,Book,Bears Juvenile fiction;Friendship Juvenile fiction,Juvenile,Books
28074,http://catalog.douglascountylibraries.org//Record/28074,All quiet on the western front,"Remarque, Erich Maria, 1898-1970;Wheen, A. W. 1897-1971",http://catalog.douglascountrylibraries.org/bookcover.php?isn=9780449911495&upc=&id=28074&size=small,"Little, Brown ;",,War stories,Book,"World War, 1914-1918 Fiction",,Books
34323,http://catalog.douglascountylibraries.org//Record/34323,The hunt for Red October,"Clancy, Tom, 1947-2013",http://catalog.douglascountrylibraries.org/bookcover.php?isn=9780425240335&upc=&id=34323&size=small,"Berkley Books,","Somewhere under the Atlantic, a Soviet sub commander has just made a fateful decision: the Red October is heading west. The Americans want her. The Russians want her back. And the most incredible chase in history is on.",Suspense fiction,Book,"United States. Central Intelligence Agency Fiction;Ryan, Jack, Sr. (Fictitious character) Fiction;Intelligence service United States Fiction;Nuclear submarines Security measures Soviet Union Fiction;Defectors Soviet Union Fiction",,Books
36614,http://catalog.douglascountylibraries.org//Record/36614,The very busy spider,"Carle, Eric",http://catalog.douglascountrylibraries.org/bookcover.php?isn=9780399211669&upc=&id=36614&size=small,"Philomel Books,","The farm animals try to divert a busy little spider from spinning her web, but she persists and produces a thing of both beauty and usefulness. The pictures may be felt as well as seen.",,Picture Book,Spiders Juvenile fiction;Spider webs Juvenile fiction;Domestic animals Juvenile fiction,Juvenile,Books
37542,http://catalog.douglascountylibraries.org//Record/37542,"Roll of thunder, hear my cry","Taylor, Mildred D",http://catalog.douglascountrylibraries.org/bookcover.php?isn=9780881030433&upc=&id=37542&size=small,Bantam Books :,A black family living in the South during the 1930's are faced with prejudice and discrimination which their children don't understand.,,Book,African Americans Juvenile fiction;Racism Southern States Juvenile fiction;Colorado authors and artists,Juvenile,Books
37997,http://catalog.douglascountylibraries.org//Record/37997,Skeleton crew,,http://catalog.douglascountrylibraries.org/bookcover.php?isn=null&upc=&id=37997&size=small,,,,,,,
41455,http://catalog.douglascountylibraries.org//Record/41455,From the mixed-up files of Mrs. Basil E. Frankweiler,"Konigsburg, E. L",http://catalog.douglascountrylibraries.org/bookcover.php?isn=9780689711817&upc=&id=41455&size=small,Dell :,,,Book,"Metropolitan Museum of Art (New York, N.Y.) Juvenile fiction;Runaways Juvenile fiction;Brothers and sisters Juvenile fiction;Self-acceptance Juvenile fiction;Detective and mystery stories",Juvenile,Books
54011,http://catalog.douglascountylibraries.org//Record/54011,The tiny seed,"Carle, Eric",http://catalog.douglascountrylibraries.org/bookcover.php?isn=9781416979173&upc=&id=54011&size=small,Picture Book Studio :,,,Picture Book,Seeds Dispersal Juvenile fiction;Plants Juvenile fiction;Seeds Juvenile fiction;Plants Development Juvenile fiction,Juvenile,Books
56974,http://catalog.douglascountylibraries.org//Record/56974,Rooster's off to see the world,"Carle, Eric",http://catalog.douglascountrylibraries.org/bookcover.php?isn=0887080421&upc=&id=56974&size=small,Picture Book Studio ;,"A simple introduction to the meaning of numbers and sets as a rooster, on its way to see the world, is joined by fourteen animals along the way.",,Picture Book,Numerals Juvenile fiction;Counting Juvenile fiction;Animals Juvenile fiction,Juvenile,Books
79031,http://catalog.douglascountylibraries.org//Record/79031,"The little mouse, the red ripe strawberry, and the big hungry bear","Wood, Audrey;Wood, Don, 1945-",http://catalog.douglascountrylibraries.org/bookcover.php?isn=9780859531825&upc=&id=79031&size=small,"Child's Play (International) Ltd.,",,,Picture Book,Mice Juvenile fiction;Bears Juvenile fiction;Fruit Juvenile fiction,Juvenile,Books
94419,http://catalog.douglascountylibraries.org//Record/94419,Clifford's riddles,"Bridwell, Norman",http://catalog.douglascountrylibraries.org/bookcover.php?isn=0881032050&upc=&id=94419&size=small,Four Winds Press :,,,Picture Book,Clifford (Fictitious character : Bridwell) Juvenile fiction;Dogs Juvenile fiction;Riddles Juvenile fiction,Juvenile,Books
94825,http://catalog.douglascountylibraries.org//Record/94825,"Clifford, the small red puppy","Bridwell, Norman",http://catalog.douglascountrylibraries.org/bookcover.php?isn=9780590442947&upc=&id=94825&size=small,"Scholastic,",,,Picture Book,Dogs Juvenile fiction;Puppies Juvenile fiction,Juvenile,Books
96256,http://catalog.douglascountylibraries.org//Record/96256,The essential Calvin and Hobbes :a Calvin and Hobbes treasury,"Watterson, Bill",http://catalog.douglascountrylibraries.org/bookcover.php?isn=9780836218053&upc=&id=96256&size=small,"Andrews and McMeel,",,,Book,Calvin and Hobbes (Comic strip);Tiger Juvenile fiction;Boys Juvenile fiction;Imaginary companions Juvenile fiction;Calvin (Fictitious character : Watterson) Fiction;Hobbes (Fictitious character) Fiction,Juvenile,Books
96259,http://catalog.douglascountylibraries.org//Record/96259,Clifford and the grouchy neighbors,"Bridwell, Norman",http://catalog.douglascountrylibraries.org/bookcover.php?isn=9780758770301&upc=&id=96259&size=small,"Scholastic, Inc.,",,,Picture Book,Clifford (Fictitious character : Bridwell) Juvenile fiction;Dogs Juvenile fiction;Neighbors Juvenile fiction,Juvenile,Books
100029,http://catalog.douglascountylibraries.org//Record/100029,"Dinosaurs, dinosaurs","Barton, Byron",http://catalog.douglascountrylibraries.org/bookcover.php?isn=9780690047684&upc=9780694002696&id=100029&size=small,Crowell :,"In prehistoric days there were many different kinds of dinosaurs, big and small, those with spikes and those with long, sharp teeth.",,Picture Book,Dinosaurs Juvenile fiction;High interest-low vocabulary books Juvenile fiction,Juvenile,Books
104847,http://catalog.douglascountylibraries.org//Record/104847,If you give a moose a muffin,,http://catalog.douglascountrylibraries.org/bookcover.php?isn=null&upc=&id=104847&size=small,,Chaos can ensue if you give a moose a muffin and start him on a cycle of urgent requests.,,,,,
113008,http://catalog.douglascountylibraries.org//Record/113008,Kipper,"Inkpen, Mick",http://catalog.douglascountrylibraries.org/bookcover.php?isn=0316418838&upc=&id=113008&size=small,"Little, Brown ;","Tired of his old blanket and basket, Kipper the dog searches among the animals outside for a new place to sleep.",,Picture Book,Dogs Juvenile fiction;House cleaning Juvenile fiction;Animals Juvenile fiction,Juvenile,Books
133908,http://catalog.douglascountylibraries.org//Record/133908,The case of the midnight rustler,"Erickson, John R., 1943-;Holmes, Gerald L",http://catalog.douglascountrylibraries.org/bookcover.php?isn=0877192197&upc=&id=133908&size=small,Maverick Books ;,Hank the cowdog investigates the mystery of a cattle rustler who works by night.,,Book,"Dogs West (U.S.) Juvenile fiction;Humorous stories, American West (U.S.) Juvenile fiction",Juvenile,Books
142450,http://catalog.douglascountylibraries.org//Record/142450,"The Hobbit :or, There and back again",,http://catalog.douglascountrylibraries.org/bookcover.php?isn=null&upc=&id=142450&size=small,,"The adventures of the well-to-do Hobbit, Bilbo Baggins, who lived happily in his comfortable home until a wandering wizard granted his wish.",,,,,
151081,http://catalog.douglascountylibraries.org//Record/151081,Barnyard banter,"Fleming, Denise, 1950-",http://catalog.douglascountrylibraries.org/bookcover.php?isn=9780805019575&upc=&id=151081&size=small,"Holt,","All the farm animals are where they should be, clucking and mucking, mewing and cooing, except for the missing goose.",Stories in rhyme,Picture Book,Domestic animals Juvenile fiction;Animal sounds Juvenile fiction,Juvenile,Books
163640,http://catalog.douglascountylibraries.org//Record/163640,The Bellmaker :a tale from Redwall,,http://catalog.douglascountrylibraries.org/bookcover.php?isn=null&upc=&id=163640&size=small,,"Worried about his daughter Mariel, Joseph the Bellmaker is led by a dream from Redwall Abbey to Southsward, where he is caught up in the battle between Squirrelking Gael and the vicious Foxwolf Nagru.",,,,,
168760,http://catalog.douglascountylibraries.org//Record/168760,The very lonely firefly,"Carle, Eric",http://catalog.douglascountrylibraries.org/bookcover.php?isn=9780399227745&upc=&id=168760&size=small,"Philomel Books,",A lonely firefly goes out into the night searching for other fireflies.,Toy and movable books,Picture Book,Fireflies Juvenile fiction,Juvenile,Books
168770,http://catalog.douglascountylibraries.org//Record/168770,Splash!,"Jonas, Ann",http://catalog.douglascountrylibraries.org/bookcover.php?isn=null&upc=&id=168770&size=small,,"A little girl's turtle, fish, frogs, dog, and cat jump in and out of a backyard pond, constantly changing the answer to the question ""How many are in my pond?""",,Picture Book,,Juvenile,
200800,http://catalog.douglascountylibraries.org//Record/200800,The hundred secret senses,"Tan, Amy",http://catalog.douglascountrylibraries.org/bookcover.php?isn=9780399141140&upc=&id=200800&size=small,"G.P. Putnam's Sons,",,Love stories,Book,Women Fiction;Sisters Fiction;Mothers and daughters Fiction,,Books
201786,http://catalog.douglascountylibraries.org//Record/201786,The giant jam sandwich,"Lord, John Vernon",http://catalog.douglascountrylibraries.org/bookcover.php?isn=null&upc=&id=201786&size=small,,"When four million wasps fly into their village, the citizens of Itching Down devise a way of getting rid of them.",,Picture Book,,Juvenile,
203561,http://catalog.douglascountylibraries.org//Record/203561,Afternoon on the Amazon,"Murdocca, Sal;Osborne, Mary Pope",http://catalog.douglascountrylibraries.org/bookcover.php?isn=9780758779175&upc=&id=203561&size=small,"Random House,","Eight-year-old Jack, his seven-year-old sister, Annie, and Peanut the mouse ride in a tree house to the Amazon rain forest, where they encounter flesh-eating piranhas, hungry crocodiles, and wild jaguars.",Adventure stories,Book,Magic Juvenile fiction;Tree houses Juvenile fiction;Rain forests Juvenile fiction;Rain forest animals Juvenile fiction,Juvenile,Books
203751,http://catalog.douglascountylibraries.org//Record/203751,"Mush, a dog from space","Pinkwater, Daniel Manus, 1941-",http://catalog.douglascountrylibraries.org/bookcover.php?isn=0689803176&upc=&id=203751&size=small,"Macmillan Books for Young Readers,","Kelly Mangiaro, who has wanted a pet for as long as she can remember, gets more than she bargained for from her new dog, Mush.",,Book,"Dogs Juvenile fiction;Moving, Household Juvenile fiction",Juvenile,Books
241088,http://catalog.douglascountylibraries.org//Record/241088,I spy spooky night :a book of picture riddles,"Marzollo, Jean;Wick, Walter, 1953-",http://catalog.douglascountrylibraries.org/bookcover.php?isn=9780590481373&upc=&id=241088&size=small,"Scholastic Inc.,",Rhyming verses ask readers to find hidden objects in the photographs.,"Picture puzzles;Riddles, Juvenile",Picture Book,,Juvenile,Books
244511,http://catalog.douglascountylibraries.org//Record/244511,Tribulation force :the continuing drama of those left behind,"LaHaye, Tim F;Jenkins, Jerry B",http://catalog.douglascountrylibraries.org/bookcover.php?isn=9781414334912&upc=&id=244511&size=small,"Tyndale House,",,Fantasy fiction;Christian fiction,Book,Rapture (Christian eschatology) Fiction;End of the world Biblical teaching Fiction;Apocalyptic literature;Prophecy Christianity Fiction;Colorado authors and artists,General,Books
258081,http://catalog.douglascountylibraries.org//Record/258081,McDuff moves in,"Wells, Rosemary",http://catalog.douglascountrylibraries.org/bookcover.php?isn=0786803185&upc=&id=258081&size=small,"Hyperion Books for Children,",A little white dog that nobody seems to want finds just the right home--and a name.,,Picture Book,Dogs Juvenile fiction;Pets Juvenile fiction,Juvenile,Books
280164,http://catalog.douglascountylibraries.org//Record/280164,The best nest,"Eastman, P. D",http://catalog.douglascountrylibraries.org/bookcover.php?isn=9780394800516&upc=&id=280164&size=small,"Beginner Books,",Mr. and Mrs. Bird search for a place to build a new nest only to discover their old one is better.,,Book,Birds Juvenile fiction;Nest building Juvenile fiction;Home Juvenile fiction,Juvenile,Books
281320,http://catalog.douglascountylibraries.org//Record/281320,Clifford's first Autumn,"Bridwell, Norman",http://catalog.douglascountrylibraries.org/bookcover.php?isn=9780590341301&upc=&id=281320&size=small,"Scholastic,",,,Picture Book,Dogs Juvenile fiction;Autumn Juvenile fiction,Juvenile,Books
281712,http://catalog.douglascountylibraries.org//Record/281712,Saturday night at the dinosaur stomp,"Shields, Carol Diggory;Nash, Scott, 1959-",http://catalog.douglascountrylibraries.org/bookcover.php?isn=9780763606961&upc=&id=281712&size=small,"Candlewick Press,","When it's rock 'n' roll time during the prehistoric era, many different kinds of dinosaurs gather to twist, twirl, and tromp at a Saturday night party.",Stories in rhyme,Picture Book,Dinosaurs Juvenile fiction;Parties Juvenile fiction,Juvenile,Books
304841,http://catalog.douglascountylibraries.org//Record/304841,The Transall saga,,http://catalog.douglascountrylibraries.org/bookcover.php?isn=null&upc=&id=304841&size=small,,"While backpacking in the desert, thirteen-year-old Mark falls into a tube of blue light and is transported into a more primitive world, where he must use his knowledge and skills to survive.",,,,,
306021,http://catalog.douglascountylibraries.org//Record/306021,Clifford at the circus,"Bridwell, Norman",http://catalog.douglascountrylibraries.org/bookcover.php?isn=9780329796631&upc=&id=306021&size=small,"Scholastic,",,,Picture Book,Clifford (Fictitious character : Bridwell) Juvenile fiction;Circus Juvenile fiction;Dogs Juvenile fiction,Juvenile,Books
318799,http://catalog.douglascountylibraries.org//Record/318799,The poisonwood Bible :a novel,"Kingsolver, Barbara",http://catalog.douglascountrylibraries.org/bookcover.php?isn=9780060786502&upc=&id=318799&size=small,HarperFlamingo :,,Domestic fiction,Book,Missionaries Congo (Democratic Republic) Fiction;Americans Congo (Democratic Republic) Fiction;Families Congo (Democratic Republic) Fiction;Mothers and daughters Fiction,,Books
328414,http://catalog.douglascountylibraries.org//Record/328414,Technology in the time of ancient Egypt,"Crosher, Judith",http://catalog.douglascountrylibraries.org/bookcover.php?isn=9780817248758&upc=&id=328414&size=small,"Raintree Steck-Vaughn,","Describes many of the innovative inventions that the Egyptians incorporated into their daily life, including ground looms, glass pots, and wooden sledges.",,Book,Technology Egypt Juvenile literature,Juvenile,Books
336803,http://catalog.douglascountylibraries.org//Record/336803,Brian's return,,http://catalog.douglascountrylibraries.org/bookcover.php?isn=null&upc=&id=336803&size=small,,"After having survived alone in the wilderness, Brian finds that he can no longer live in the city but must return to the place where he really belongs.",,,,,
357922,http://catalog.douglascountylibraries.org//Record/357922,"Welcome to Felicity's world, 1774 :growing up in Colonial America","Young, Jamie;Gourley, Catherine, 1950-;Pleasant Company Publications",http://catalog.douglascountrylibraries.org/bookcover.php?isn=1562477684&upc=&id=357922&size=small,"Pleasant Co. Publications,","Provides an in-depth look at daily life and historical events in the American colonies during the Revolutionary War, including home life, work, medicine, and play.",,Book,,Juvenile,Books
358651,http://catalog.douglascountylibraries.org//Record/358651,Gaslights and gingerbread :Colorado's historic homes,"Dallas, Sandra",http://catalog.douglascountrylibraries.org/bookcover.php?isn=0804008388&upc=&id=358651&size=small,"Swallow Press,",,,Local History,Douglas County History Research Center (Colo.);Historic buildings Colorado;Dwellings Colorado,,Other
359117,http://catalog.douglascountylibraries.org//Record/359117,The very clumsy click beetle,"Carle, Eric",http://catalog.douglascountrylibraries.org/bookcover.php?isn=039923201X&upc=&id=359117&size=small,"Philomel Books,",A clumsy young click beetle learns to land on its feet with encouragement from various animals and a wise old beetle. An electronic chip with a built-in battery creates clicking sounds to accompany the story.,Sound effects books;Toy and movable books,Picture Book,Beetles Juvenile fiction;Animals Juvenile fiction;Clumsiness Juvenile fiction,Juvenile,Books
365396,http://catalog.douglascountylibraries.org//Record/365396,Curious George at the parade :based on the original character by Margret and H.A. Rey,,http://catalog.douglascountrylibraries.org/bookcover.php?isn=null&upc=&id=365396&size=small,,George's curiosity creates chaos at a holiday parade.,,,,,
365820,http://catalog.douglascountylibraries.org//Record/365820,Maisy's bedtime,"Cousins, Lucy",http://catalog.douglascountrylibraries.org/bookcover.php?isn=9781415505373&upc=&id=365820&size=small,"Candlewick Press,",Maisy the mouse and her toy panda get ready for bed.,,Picture Book,Bedtime Juvenile fiction;Mice Juvenile fiction;Animals Juvenile fiction,Juvenile,Books
369448,http://catalog.douglascountylibraries.org//Record/369448,The complete Tightwad gazette :promoting thrift as a viable alternative lifestyle,"Dacyczyn, Amy",http://catalog.douglascountrylibraries.org/bookcover.php?isn=9780375752254&upc=&id=369448&size=small,"Villard Books,",,,Book,"Consumer education;Finance, Personal;Saving and investment",,Books
386298,http://catalog.douglascountylibraries.org//Record/386298,How do dinosaurs say good night?,"Teague, Mark;Yolen, Jane",http://catalog.douglascountrylibraries.org/bookcover.php?isn=9780590316811&upc=&id=386298&size=small,"Blue Sky Press,","Mother and child ponder the different ways a dinosaur can say goodnight, from slamming his tail and pouting to giving a big hug and kiss.",Stories in rhyme,Picture Book,Bedtime Juvenile fiction;Dinosaurs Juvenile fiction;Human behavior Juvenile fiction,Juvenile,Books
389867,http://catalog.douglascountylibraries.org//Record/389867,Clifford gets a job,"Bridwell, Norman",http://catalog.douglascountrylibraries.org/bookcover.php?isn=0590442961&upc=&id=389867&size=small,"Scholastic Inc.,",,,Picture Book,Clifford (Fictitious character : Bridwell) Juvenile fiction;Dogs Juvenile fiction;Occupations Juvenile fiction,Juvenile,Books
414342,http://catalog.douglascountylibraries.org//Record/414342,The new encyclopedia of the dog,"Fogle, Bruce;Morgan, Tracy",http://catalog.douglascountrylibraries.org/bookcover.php?isn=9780789461308&upc=&id=414342&size=small,"Dorling Kindersley,",,,Book,Dogs Encyclopedias;Dog breeds Encyclopedias,,Books
441358,http://catalog.douglascountylibraries.org//Record/441358,Guts :the true stories behind Hatchet and the Brian books,,http://catalog.douglascountrylibraries.org/bookcover.php?isn=null&upc=&id=441358&size=small,,"The author relates incidents in his life and how they inspired parts of his books about the character, Brian Robeson.",,,,,
445271,http://catalog.douglascountylibraries.org//Record/445271,The Marshall Mathers LP,"Dido, 1971-;Dr. Dre, 1965-;Eminem, 1972-;Snoop Lion, 1972-",http://catalog.douglascountrylibraries.org/bookcover.php?isn=null&upc=606949062927&id=445271&size=small,"Aftermath Ent.,",,Popular music;Rap (Music),Music CD,,General,Music
446955,http://catalog.douglascountylibraries.org//Record/446955,Maisy goes shopping,"Cousins, Lucy",http://catalog.douglascountrylibraries.org/bookcover.php?isn=9780763615031&upc=&id=446955&size=small,"Candlewick Press,",,,Picture Book,Mice Juvenile fiction;Shopping Juvenile fiction;Friendship Juvenile fiction,Juvenile,Books
446970,http://catalog.douglascountylibraries.org//Record/446970,Rufus M.,"Estes, Eleanor, 1906-1988;Slobodkin, Louis, 1903-1975",http://catalog.douglascountrylibraries.org/bookcover.php?isn=9780152025717&upc=&id=446970&size=small,"Harcourt,","The adventures of seven-year-old Rufus Moffat, living with his widowed mother and older siblings including his encounter with an invisible piano player and his attempts at ventriloquism.",,Book,Brothers and sisters Juvenile fiction;Families Juvenile fiction,Juvenile,Books
447257,http://catalog.douglascountylibraries.org//Record/447257,Oops-- I did it again,"Spears, Britney",http://catalog.douglascountrylibraries.org/bookcover.php?isn=01241417042&upc=012414170422&id=447257&size=small,"Zomba Recording Corp.,",,Dance-Pop music;Rap (Music),Music CD,Popular music 1991-2000,General,Music
462006,http://catalog.douglascountylibraries.org//Record/462006,Rumours,,http://catalog.douglascountrylibraries.org/bookcover.php?isn=null&upc=&id=462006&size=small,,,,,,,
465429,http://catalog.douglascountylibraries.org//Record/465429,Taggerung :a tale from Redwall,"Jacques, Brian;Standley, Peter",http://catalog.douglascountrylibraries.org/bookcover.php?isn=9780441009688&upc=&id=465429&size=small,"Ace Books,","A young otter, kidnapped in his infancy and raised as a warrior-thief by a band of vermin, leaves the tribe and goes off to seek adventures of his own.",Fantasy fiction,Book,Otters Fiction;Animals Fiction,,Books
476126,http://catalog.douglascountylibraries.org//Record/476126,Hunting season,"Barr, Nevada",http://catalog.douglascountrylibraries.org/bookcover.php?isn=0399148469&upc=&id=476126&size=small,"G. P. Putnam's Sons,",,Mystery fiction,Book,"Pigeon, Anna (Fictitious character) Fiction;Women park rangers Fiction;Detective and mystery stories;Murder Fiction",,Books
476640,http://catalog.douglascountylibraries.org//Record/476640,Greenish eggs and dinosaurs,"Greenburg, Dan;Davis, Jack E",http://catalog.douglascountrylibraries.org/bookcover.php?isn=0448425467&upc=&id=476640&size=small,"Grosset & Dunlap,",,,Book,Dinosaurs Juvenile fiction;Dinosaurs Eggs Juvenile fiction;Fathers and sons Juvenile fiction,Juvenile,Books
481035,http://catalog.douglascountylibraries.org//Record/481035,Southampton Row,"Perry, Anne",http://catalog.douglascountrylibraries.org/bookcover.php?isn=034544003X&upc=&id=481035&size=small,"Ballantine Books,",,"Detective and mystery stories, English;Mystery fiction",Book,"Pitt, Charlotte (Fictitious character) Fiction;Pitt, Thomas (Fictitious character) Fiction;Police England London Fiction;Police spouses England London Fiction;Historical fiction, English;Conspiracies England London Fiction;Murder England London Fiction",,Books
490688,http://catalog.douglascountylibraries.org//Record/490688,Body,"Wyse, Elizabeth",http://catalog.douglascountrylibraries.org/bookcover.php?isn=9780716647102&upc=&id=490688&size=small,"World Book/Two-can,",Introduces basic facts about the human body with instructions for related experiments and projects.,,Book,Human anatomy Juvenile literature;Human body Experiments Juvenile literature,Juvenile,Books
492299,http://catalog.douglascountylibraries.org//Record/492299,From here to eternity,"Taradash, Daniel, 1913-2003;Lancaster, Burt, 1913-1994;Columbia Pictures;Columbia TriStar Home Entertainment (Firm);Sinatra, Frank, 1915-1998;Kerr, Deborah, 1921-2007;Jones, James, 1921-1977",http://catalog.douglascountrylibraries.org/bookcover.php?isn=0800178831&upc=043396053199&id=492299&size=small,"Columbia Pictures,",,Feature films,DVD,"World War, 1939-1945 Drama;Man-woman relationships Hawaii Drama;World War, 1939-1945 Hawaii Drama",General,DVD
498475,http://catalog.douglascountylibraries.org//Record/498475,Death in Paradise :a Jesse Stone novel,"Parker, Robert B., 1932-2010",http://catalog.douglascountrylibraries.org/bookcover.php?isn=078623850X&upc=&id=498475&size=small,"Thorndike Press,",,Large type books;Mystery fiction,Large Type,"Stone, Jesse (Fictitious character) Fiction;Police Massachusetts Fiction;Police chiefs Fiction;Murder Fiction;Detective and mystery stories",,Books
500181,http://catalog.douglascountylibraries.org//Record/500181,Fly away home,"Ballard, Carroll;Veitch, John;Columbia Pictures;Daniels, Jeff, 1955-;Columbia TriStar Home Entertainment (Firm);Rodat, Robert;McKewin, Vince;Paquin, Anna;Lishman, William;Baum, Carol;Sandollar Productions",http://catalog.douglascountrylibraries.org/bookcover.php?isn=0767862007&upc=043396060463&id=500181&size=small,"Distr. Columbia Tristar Home Entertainment,","After her mother dies, fourteen-year-old Amy Alden comes to live with her eccentric inventor father on a farm in Canada, and the two of them grow closer as they raise a group of young goslings and help them learn to migrate.",Feature films;Video recordings for the hearing impaired,DVD,Canada goose Migration North America Drama;Canada goose Behavior Drama;Birds Flight Drama;Fathers and daughters Drama;Inventors Drama;Imprinting (Psychology) Drama;Ultralight aircraft Piloting Drama,General,DVD
507002,http://catalog.douglascountylibraries.org//Record/507002,Their eyes were watching God :a novel,"Washington, Mary Helen;Gates, Henry Louis, Jr;Hurston, Zora Neale",http://catalog.douglascountrylibraries.org/bookcover.php?isn=9780061120060&upc=&id=507002&size=small,,,Psychological fiction,Book,African American women Fiction;Self-realization Fiction,,Books
519741,http://catalog.douglascountylibraries.org//Record/519741,The life cycle of a wolf,"Bishop, Amanda;Reiach, Margaret Amy;Kalman, Bobbie",http://catalog.douglascountrylibraries.org/bookcover.php?isn=0778706877&upc=&id=519741&size=small,"Crabtree Pub. Co.,","An introduction to the wolf, including some of the different types, pack structure, reproduction, hunting, and dangers faced by wolves in the wild.",,Book,Wolves Life cycles Juvenile literature;Wolves Juvenile literature,Juvenile,Books
521282,http://catalog.douglascountylibraries.org//Record/521282,Around Denver with kids :68 great things to do together,"Loomis, Christine",http://catalog.douglascountrylibraries.org/bookcover.php?isn=0676901875&upc=&id=521282&size=small,"Fodor's Travel Pub.,",,,Book,Children Travel Colorado Guidebooks;Family recreation Colorado Denver Guidebooks,,Books
523791,http://catalog.douglascountylibraries.org//Record/523791,The best of 1980-1990,U2 (Musical group),http://catalog.douglascountrylibraries.org/bookcover.php?isn=null&upc=731452461322&id=523791&size=small,"Universal International Music,",,Popular music;Rock music,Music CD,,General,Music
524294,http://catalog.douglascountylibraries.org//Record/524294,Peter Forsberg,"Harling, Michael, 1958-",http://catalog.douglascountrylibraries.org/bookcover.php?isn=1550547933&upc=&id=524294&size=small,"Greystone Books,",,,Book,"Forsberg, Peter, 1973- Juvenile literature;Colorado Avalanche (Hockey team) Juvenile literature;Hockey players Sweden Biography Juvenile literature;Hockey players Juvenile literature",Juvenile,Books
528641,http://catalog.douglascountylibraries.org//Record/528641,Ten kings :and the worlds they ruled,"Meltzer, Milton, 1915-2009;Andersen, Bethanne, 1954-",http://catalog.douglascountrylibraries.org/bookcover.php?isn=0439312930&upc=&id=528641&size=small,"Orchard Books,",,,Book,"Hammurabi, King of Babylonia Juvenile literature;David, King of Israel Juvenile literature;Alexander, the Great, 356 B.C.-323 B.C. Juvenile literature;Attila, -453 Juvenile literature;Charlemagne, Emperor, 742-814 Juvenile literature;Kublai Khan, 1216-1294 Juvenile literature;Musa, Sultan of Mali, active 1324 Juvenile literature;Atahualpa, -1533 Juvenile literature;Louis XIV, King of France, 1638-1715 Juvenile literature;Peter I, Emperor of Russia, 1672-1725 Juvenile literature;Kings and rulers Biography Juvenile literature",Juvenile,Books
531092,http://catalog.douglascountylibraries.org//Record/531092,Bullfrogs,"Wechsler, Doug",http://catalog.douglascountrylibraries.org/bookcover.php?isn=null&upc=&id=531092&size=small,,,,,,,
531860,http://catalog.douglascountylibraries.org//Record/531860,My truck is stuck,"Kirk, Daniel;Lewis, Kevin",http://catalog.douglascountrylibraries.org/bookcover.php?isn=9780786805341&upc=&id=531860&size=small,"Hyperion Books for Children,","When a dump truck ""haulin' a great big load"" gets stuck in the mud, progressively larger vehicles try to pull it out.",Stories in rhyme,Picture Book,Dump trucks Juvenile fiction;Trucks Juvenile fiction,Juvenile,Books
534034,http://catalog.douglascountylibraries.org//Record/534034,Turkey riddles,,http://catalog.douglascountrylibraries.org/bookcover.php?isn=null&upc=&id=534034&size=small,,"A collection of nearly three dozen riddles featuring turkeys, such as ""What happened when Tom Turkey stepped up to the plate? He hit a fowl ball.""",,,,,
535403,http://catalog.douglascountylibraries.org//Record/535403,Little star,"Albee, Sarah;Thompson Brothers;Weiner, Eric",http://catalog.douglascountrylibraries.org/bookcover.php?isn=9780689847219&upc=&id=535403&size=small,Simon Spotlight :,Little Star falls from the sky and it's up to Dora and Boots to get her back home.,,Picture Book,Dora the explorer (Television program) Juvenile fiction;Dora the Explorer (Fictitious character) Juvenile fiction;Stars Juvenile fiction;Lost and found possessions Juvenile fiction;Maps Juvenile fiction,Juvenile,Books
536678,http://catalog.douglascountylibraries.org//Record/536678,Dinotopia,"Carr, Katie;Gurney, James, 1958-;Cartlidge, William P;Symonds, Dusty;Moore, Simon;Hallmark Home Entertainment (Firm);Carter, James L;Family Home Entertainment (Firm);Thewlis, David, 1963-;Brambilla, Marco;Artisan Home Entertainment (Firm)",http://catalog.douglascountrylibraries.org/bookcover.php?isn=null&upc=707729128397&id=536678&size=small,Hallmark Home Entertainment :,"Two brothers find themselves castaways on Dinotopia, a secret world where dinosaurs and humans coexist in harmony until their sources of power, the sunstones, begin to fail.",Fantasy television programs;Television programs for the hearing impaired,DVD,Dinosaurs Drama;Television programs Great Britain,General,DVD
538164,http://catalog.douglascountylibraries.org//Record/538164,"""Slowly, slowly, slowly,"" said the sloth","Carle, Eric",http://catalog.douglascountrylibraries.org/bookcover.php?isn=9780399239540&upc=&id=538164&size=small,"Philomel Books,","A sloth slowly moves along a branch, eats a leaf and then hangs upside down for many days. When the other animals question his slowness and quietness and laziness, he responds that he is many things, but not lazy.",,Picture Book,Sloths Juvenile fiction;Jungle animals Juvenile fiction;Animals Juvenile fiction;Speed Juvenile fiction,Juvenile,Books
538780,http://catalog.douglascountylibraries.org//Record/538780,Angelina and the rag doll,"Holabird, Katharine",http://catalog.douglascountrylibraries.org/bookcover.php?isn=1584856173&upc=&id=538780&size=small,"Pleasant,","When Miss Lilly asks Angelina the mouse to be a helper in the beginner ballet class, Angelina feels very grown-up and decides to give up her babyish rag doll, with unexpected results.",,Picture Book,Mice Juvenile fiction;Dolls Juvenile fiction;Ballet Juvenile fiction;Growth Juvenile fiction,Juvenile,Books
539835,http://catalog.douglascountylibraries.org//Record/539835,C is for centennial :a Colorado alphabet,"Urban, Helle;Whitney, Louise Doak",http://catalog.douglascountrylibraries.org/bookcover.php?isn=1585360589&upc=&id=539835&size=small,"Sleeping Bear Press,",Presents information about the state of Colorado in an alphabetical arrangement.,,Book,English language Alphabet Juvenile literature;Alphabet Juvenile literature,Juvenile,Books
540841,http://catalog.douglascountylibraries.org//Record/540841,The best of Kansas,"Kansas (Musical group);Livgren, Kerry, 1949-",http://catalog.douglascountrylibraries.org/bookcover.php?isn=null&upc=074646569023&id=540841&size=small,"Epic/Legacy,",,Rock music;Popular music,Music CD,,General,Music
541490,http://catalog.douglascountylibraries.org//Record/541490,Spider-Man,,http://catalog.douglascountrylibraries.org/bookcover.php?isn=null&upc=&id=541490&size=small,,"After being bitten by a radioactive spider on a school field trip, Peter Parker finds himself gaining spider-like qualities. When the Green Goblin kills Peter's uncle, he swears to use his spider-skills to fight evil.",,,,,
546063,http://catalog.douglascountylibraries.org//Record/546063,The sum of all fears,"Mace Neufeld Productions (Firm);Attanasio, Paul, 1959-;Cromwell, James;Freeman, Morgan;Pyne, Daniel;Paramount DVD;Robinson, Phil Alden;Paramount Pictures Corporation;Clancy, Tom, 1947-2013;Affleck, Ben, 1972-",http://catalog.douglascountrylibraries.org/bookcover.php?isn=0792182081&upc=097363372240&id=546063&size=small,"Paramount DVD,",CIA agent Jack Ryan finds himself in a race against time to stop terrorists who plan to ignite a war between the U.S. and Russia by detonating a nuclear bomb at the Super Bowl game.,Spy films;Feature films;Films for the hearing impaired,DVD,"Ryan, Jack, Sr. (Fictitious character) Drama;Intelligence service United States Drama",General,DVD
549606,http://catalog.douglascountylibraries.org//Record/549606,125 brain games for toddlers and twos :simple games to promote early brain development,"Silberg, Jackie, 1934-",http://catalog.douglascountrylibraries.org/bookcover.php?isn=9780876592052&upc=&id=549606&size=small,"Gryphon House,",,Educational games,Book,Games,,Books
550352,http://catalog.douglascountylibraries.org//Record/550352,Abraham Lincoln,,http://catalog.douglascountrylibraries.org/bookcover.php?isn=null&upc=&id=550352&size=small,,A brief overview of the life of the man who was President of the United States during the difficult years of the Civil War and who issued the Emancipation Proclamation freeing the slaves.,,,,,
554653,http://catalog.douglascountylibraries.org//Record/554653,The frog princess,"Baker, E. D",http://catalog.douglascountrylibraries.org/bookcover.php?isn=9781582347998&upc=&id=554653&size=small,"Bloomsbury,","After reluctantly kissing a frog, an awkward, fourteen-year-old princess suddenly finds herself a frog, too, and sets off with the prince to seek the means--and the self-confidence--to become human again.",,Book,Fairy tales Adaptations Juvenile fiction;Frogs Juvenile fiction;Princesses Juvenile fiction;Princes Juvenile fiction;Witches Juvenile fiction,Juvenile,Books
561407,http://catalog.douglascountylibraries.org//Record/561407,The perfect lover,"Laurens, Stephanie",http://catalog.douglascountrylibraries.org/bookcover.php?isn=0060505710&upc=&id=561407&size=small,"William Morrow,",,Romance fiction;Suspense fiction;Love stories;Regency fiction,Book,"Cynster family (Fictitious characters) Fiction;Historical fiction, English",,Books
573306,http://catalog.douglascountylibraries.org//Record/573306,I love planes!,,http://catalog.douglascountrylibraries.org/bookcover.php?isn=null&upc=&id=573306&size=small,,A child celebrates his love of planes by naming his favorite kinds and their notable characteristics.,,,,,
573317,http://catalog.douglascountylibraries.org//Record/573317,If you're happy and you know it!,"Gardiner, Lindsey;Ormerod, Jan",http://catalog.douglascountrylibraries.org/bookcover.php?isn=9781932065077&upc=&id=573317&size=small,"Star Bright Books,",A little girl and various animals sing their own versions of this popular rhyme.,Stories in rhyme,Picture Book,Animals Juvenile fiction;Happiness Juvenile fiction,Juvenile,Books
573585,http://catalog.douglascountylibraries.org//Record/573585,Sheep don't count sheep,"Huang, Benrei;Brown, Margaret Wise, 1910-1952",http://catalog.douglascountrylibraries.org/bookcover.php?isn=9780689833465&upc=&id=573585&size=small,"Margaret K. McElderry Books,","A little lamb has trouble falling asleep, until his mother tells him to count the butterflies that flutter past his closed eyes.",,Picture Book,Sheep Juvenile fiction;Sleep Juvenile fiction;Lambs Juvenile fiction;Mother and child Juvenile fiction,Juvenile,Books
574365,http://catalog.douglascountylibraries.org//Record/574365,"Happy 4th of July, Jenny Sweeney!","Kimmelman, Leslie",http://catalog.douglascountrylibraries.org/bookcover.php?isn=0807531529&upc=&id=574365&size=small,"A. Whitman,","Town residents prepare to celebrate the Fourth of July with food, a parade, and fireworks.",Stories in rhyme,Picture Book,Fourth of July Juvenile fiction;Neighborhoods Juvenile fiction;City and town life Juvenile fiction,Juvenile,Books
624417,http://catalog.douglascountylibraries.org//Record/624417,Harry Potter and the goblet of fire,"Rowling, J. K;Dale, Jim",http://catalog.douglascountrylibraries.org/bookcover.php?isn=0807282596&upc=&id=624417&size=small,Listening Library ;,"Harry is in his 4th year at Hogwarts and wants to get away from the pernicious Dursleys to go to the International Quidditch Cup with Hermione, Ron, and the Weasleys.",Fantasy fiction,CD,"Potter, Harry (Fictitious character) Juvenile fiction;Hogwarts School of Witchcraft and Wizardry (Imaginary organization) Juvenile fiction;Witches Juvenile fiction;Wizards Juvenile fiction;Schools Juvenile fiction",Juvenile,Audio Book
624451,http://catalog.douglascountylibraries.org//Record/624451,Harry Potter and the sorcerer's stone,"Rowling, J. K;Dale, Jim",http://catalog.douglascountrylibraries.org/bookcover.php?isn=0807281956&upc=&id=624451&size=small,Listening Library ;,"Rescued from the outrageous neglect of his aunt and uncle, a young boy with a great destiny proves his worth while attending Hogwarts School for Wizards and Witches.",Fantasy fiction,CD,"Potter, Harry (Fictitious character) Juvenile fiction;Hogwarts School of Witchcraft and Wizardry (Imaginary organization) Juvenile fiction;Fantasy Juvenile literature;Witches Juvenile fiction;Wizards Juvenile fiction;Schools Juvenile fiction",Juvenile,Audio Book
638660,http://catalog.douglascountylibraries.org//Record/638660,Concise English-Chinese Chinese-English dictionary,"Manser, Martin H",http://catalog.douglascountrylibraries.org/bookcover.php?isn=0195911512&upc=&id=638660&size=small,"Oxford University Press,",,,Reference;Book,Chinese language Dictionaries English;English language Dictionaries Chinese,,Books
655694,http://catalog.douglascountylibraries.org//Record/655694,Pick a pet,"Namm, Diane;SuaÌ‚arez, Maribel, 1952-",http://catalog.douglascountrylibraries.org/bookcover.php?isn=0516244175&upc=&id=655694&size=small,"Children's Press,","Choosing a pet as her birthday gift proves to be difficult for a young girl as she and her parents visit a zoo, a farm-animal petting zoo, and a pet store searching for the very best animal friend.",Stories in rhyme,Book,Pets Juvenile fiction;Animals Juvenile fiction;Birthdays Juvenile fiction;Hispanic Americans Juvenile fiction,Juvenile,Books
661803,http://catalog.douglascountylibraries.org//Record/661803,The dungeon of doom,"Erickson, John R., 1943-;Holmes, Gerald L",http://catalog.douglascountrylibraries.org/bookcover.php?isn=0670058815&upc=&id=661803&size=small,"Viking, c2004.","When Hank botches a job involving a gopher, Loper decides it's time for Obedience School.",,Book,Hank the Cowdog (Fictitious character) Juvenile fiction;Dogs Juvenile fiction;Schools Juvenile fiction,Juvenile,Books
670634,http://catalog.douglascountylibraries.org//Record/670634,Hamster in the holly,"Baglio, Ben M;Gregory, Jenny",http://catalog.douglascountrylibraries.org/bookcover.php?isn=043944893X&upc=&id=670634&size=small,"Scholastic,","During the school holiday show, Honey the hamster escapes from her cage into the snow under a holly bush. Mandy must find Honey soon, or the hamster will freeze to death.",,Book,Hamsters Juvenile fiction;Veterinary hospitals Juvenile fiction;Animal rescue Juvenile fiction;Winter Juvenile fiction,Juvenile,Books
672790,http://catalog.douglascountylibraries.org//Record/672790,So say the little monkeys,"Van Laan, Nancy;Heo, Yumi",http://catalog.douglascountrylibraries.org/bookcover.php?isn=9780689846908&upc=&id=672790&size=small,"Atheneum Books for Young Readers,","A rhyming retelling of an Indian folktale from Brazil about tiny, playful monkeys and why they have no place to call home.",,Picture Book,Indians of South America Brazil Folklore Juvenile literature;Tales Brazil Juvenile literature;Monkeys Brazil Folklore Juvenile literature;Monkeys Folklore Juvenile literature;Folklore Brazil Juvenile literature,Juvenile,Books
677319,http://catalog.douglascountylibraries.org//Record/677319,Babepig in the city,"Miller, George, 1945 March 3-;Universal Pictures (Firm);Lamprell, Mark;King-Smith, Dick;Morris, Judy, 1947-",http://catalog.douglascountrylibraries.org/bookcover.php?isn=0783232292&upc=025192052729&id=677319&size=small,"Distr. Universal Studios Home Video,","A hero for winning the sheepdog trials, a pig visits the city and rescues a motley collection of animals impounded by the authorities.",Children's films,DVD,Swine Juvenile drama;Animals Juvenile drama,General,DVD
684077,http://catalog.douglascountylibraries.org//Record/684077,Percy's chocolate crunch and other Thomas the tank engine stories,"Palone, Terry;Awdry, W;Permane, Terry;Mitton, David",http://catalog.douglascountrylibraries.org/bookcover.php?isn=9780375813924&upc=&id=684077&size=small,"Random House,","A collection of stories about Percy, Harold the helicopter, and other friends of Thomas the tank engine.",Railroad stories,Picture Book,Helicopters Juvenile fiction;Thomas the Tank Engine (Fictitious character),,Books
688763,http://catalog.douglascountylibraries.org//Record/688763,Bye Bye Birdie,"Brecher, Irving;Ann-Margret, 1941-;Leigh, Janet;Columbia Pictures;Van Dyke, Dick;Sidney, George, 1916-2002;Rydell, Bobby;Columbia TriStar Home Video (Firm);Kohlmar, Fred, 1905-1969;Stewart, Michael, 1929-1987",http://catalog.douglascountrylibraries.org/bookcover.php?isn=0767827651&upc=043396015098&id=688763&size=small,"Distr. by Columbia Tristar Home Video,","When rock star and teenage heart-throb Conrad Birdie gets drafted, the nation's teenagers go haywire. One lucky girl wins a farewell kiss from Conrad on the Ed Sullivan show. The result is chaos and a series of hilarious romantic complications.",Video recordings for the hearing impaired,DVD,Teenagers Drama;Rock musicians Drama,General,DVD
691021,http://catalog.douglascountylibraries.org//Record/691021,Firemouse,"Barbaresi, Nina",http://catalog.douglascountrylibraries.org/bookcover.php?isn=0553111779&upc=&id=691021&size=small,"Dell Dragonfly Books,","Emulating the fire fighters with whom they reside, the firehouse mice form their own company just in time to save the firehouse itself from burning down.",,Picture Book,Mice Juvenile fiction;Fire fighters Juvenile fiction;Fire Juvenile fiction;Fire extinction Juvenile fiction,Juvenile,Books
691074,http://catalog.douglascountylibraries.org//Record/691074,Nate the Great and the mushy valentine,"Sharmat, Marjorie Weinman;Simont, Marc",http://catalog.douglascountrylibraries.org/bookcover.php?isn=0440410134&upc=&id=691074&size=small,"Dell Yearling,","Nate the Great investigates two cases that may be connected, involving a missing valentine and a valentine that came from nowhere.",,Book,Reading rainbow (Television program) Featured book Juvenile fiction;Nate the Great (Fictitious character) Juvenile fiction;Valentine's Day Juvenile fiction;Private investigators Juvenile fiction;Detective and mystery stories,Juvenile,Books
695514,http://catalog.douglascountylibraries.org//Record/695514,Mansfield Park,"Farrell, Nicholas;Pleasence, Angela;Massey, Anna;Willingale, Betty;Le Touzel, Sylvestra;Hepton, Bernard;Austen, Jane, 1775-1817;Warner Home Video (Firm);Taylor, Ken;BBC Worldwide Americas, Inc;BBC Video (Firm);Giles, David;British Broadcasting Corporation",http://catalog.douglascountrylibraries.org/bookcover.php?isn=0790770253&upc=794051168528&id=695514&size=small,BBC Video ;,"A young, impoverished woman arrives at her uncle's country estate, and is snubbed by everyone except her cousin, whom she soon grows to love.",Television programs for the hearing impaired,DVD,Women England Social conditions Drama;Young women England Drama;Television programs Great Britain,General,DVD
697248,http://catalog.douglascountylibraries.org//Record/697248,The courage to be richcreating a life of material and spiritual abundance,"Orman, Suze;Paramount Home Entertainment (Firm);Tramaloni, Tedd;PBS Home Video;KTCA-TV (Television station : Saint Paul, Minn.)",http://catalog.douglascountrylibraries.org/bookcover.php?isn=1415702675&upc=097368860247 (DVD)&id=697248&size=small,PBS Home Video :,,,DVD,"Finance, Personal Psychological aspects;Personal finance Moral and ethical aspects;Wealth Psychological aspects;Wealth Moral and ethical aspects",General,DVD
699369,http://catalog.douglascountylibraries.org//Record/699369,Agatha Christie's Poirot,"Bennett, Edward, 1950-;Jackson, Philip, 1948-;Eastman, Brian;Moran, Pauline;Suchet, David;Wakelam, Stephen;Fraser, Hugh;Baker, Michael, 1948-;Rye, Renny;Exton, Clive;Acorn Media (Firm);London Weekend Television, ltd;Christie, Agatha, 1890-1976",http://catalog.douglascountrylibraries.org/bookcover.php?isn=1569387346&upc=&id=699369&size=small,"Acorn Media,","Three episodes of the impeccably turned-out diminutive Belgian sleuth. With the his razor sharp mind and the aid of the affabel Captain Hastings, Poirot unravels the thorniest cases without mussing a hair of his famously sculpted mustache. Set in the elegance 1930's England, the series also includes Chief Inspector Japp and Miss Lemon.",Detective and mystery television programs,DVD,"Poirot, Hercule (Fictitious character) Drama;Television programs Great Britain",General,DVD
700781,http://catalog.douglascountylibraries.org//Record/700781,The Abominable Snowman doesn't roast marshmallows,"Gurney, John Steven, 1962-;Dadey, Debbie;Jones, Marcia Thornton",http://catalog.douglascountrylibraries.org/bookcover.php?isn=0439650372&upc=9780439650373 (pbk.)&id=700781&size=small,"Scholastic,",The Bailey School kids investigate to see if a frosty stranger who visits their town's winter festival is really the Abominable Snowman.,,Book,Bailey School Kids (Fictitious characters) Juvenile fiction;Yeti Juvenile fiction;Schools Juvenile fiction,Juvenile,Books
708071,http://catalog.douglascountylibraries.org//Record/708071,Deep South USA,Pilot Film and Television Productions;Escapi New Media Studios,http://catalog.douglascountrylibraries.org/bookcover.php?isn=9781932702095&upc=637101121374&id=708071&size=small,"Pilot Film & TV Productions,",,Travelogues (Television programs),DVD,,General,DVD
708089,http://catalog.douglascountylibraries.org//Record/708089,JFKdirector's cut,"Alcor Films;Sklar, Zachary;Costner, Kevin;Ixtlan Corporation;Ho, A. Kitman;Spacek, Sissy;Jones, Tommy Lee, 1946-;Stone, Oliver;Marrs, Jim;Studio Canal+;Warner Home Video (Firm);Garrison, Jim, 1921-1992;Bacon, Kevin, 1958-;Regency Enterprises;Warner Bros. Pictures (1969- )",http://catalog.douglascountrylibraries.org/bookcover.php?isn=141987277X&upc=883929033690&id=708089&size=small,"distr. Warner Home Video,",New Orleans DA Jim Garrison investigates the assassination of President Kennedy and uncovers what amounts to a coup d'etat to kill him because he wanted to pull out of Vietnam.,Feature films;Video recordings for the hearing impaired,DVD,"Kennedy, John F. (John Fitzgerald), 1917-1963 Assassination Drama;Presidents Assassination United States Drama",Adult,DVD
709070,http://catalog.douglascountylibraries.org//Record/709070,Yoga zone.beginner to intermediate,"KOCH Vision (Firm);Matkin, Charles;Bennett, Lisa;Yoga Zone LLC;Ambandos, Andrea",http://catalog.douglascountrylibraries.org/bookcover.php?isn=1417227729&upc=741952612292 (DVD)&id=709070&size=small,"Distr. KOCH Vision,",,,DVD,Hatha yoga;Yoga;Yoga Study and teaching;Meditation;Exercise;Reducing exercises,,DVD
710903,http://catalog.douglascountylibraries.org//Record/710903,American Revolution,"Murray, Stuart, 1948-",http://catalog.douglascountrylibraries.org/bookcover.php?isn=9780756610609&upc=&id=710903&size=small,"DK in association with the Smithsonian Institution,","A visual guide, accompanied by text, to the people, battles, and events of America's war for independence.",,Book,Revolutions History 18th century Juvenile literature,Juvenile,Books
713817,http://catalog.douglascountylibraries.org//Record/713817,Animal antics,"Sams, B. B;Gaydos, Nora",http://catalog.douglascountrylibraries.org/bookcover.php?isn=9781584762423&upc=&id=713817&size=small,"Innovative Kids,",,,Book,Reading Phonetic method Juvenile literature;Reading (Elementary) Juvenile literature;Creative activities and seat work Juvenile literature,Juvenile,Books
713818,http://catalog.douglascountylibraries.org//Record/713818,On the go!,"Sams, B. B;Gaydos, Nora",http://catalog.douglascountrylibraries.org/bookcover.php?isn=1584762454&upc=&id=713818&size=small,"Innovative Kids,",,,Book,Reading Phonetic method Juvenile literature;Reading (Elementary) Juvenile literature;Creative activities and seat work Juvenile literature,Juvenile,Books
721029,http://catalog.douglascountylibraries.org//Record/721029,The unofficial LEGO builder's guide,"Bedford, Allan",http://catalog.douglascountrylibraries.org/bookcover.php?isn=9781593274412&upc=&id=721029&size=small,"No Starch Press,",,,Book,LEGO toys,,Books
722880,http://catalog.douglascountylibraries.org//Record/722880,Dog's day,"Cabrera, Jane",http://catalog.douglascountrylibraries.org/bookcover.php?isn=0531302628&upc=&id=722880&size=small,"Orchard Books,","Dog has a very busy day with his animal friends, swinging from the trees with Monkey, flying through the clouds with Bird, hopping and jumping with Rabbit, and more.",,Storytime Materials,Dogs Juvenile fiction;Animals Juvenile fiction;Play Juvenile fiction;Storytime materials (For staff use in library),Juvenile,Other
723481,http://catalog.douglascountylibraries.org//Record/723481,Bad kitty,"Bruel, Nick",http://catalog.douglascountrylibraries.org/bookcover.php?isn=9781596430693&upc=&id=723481&size=small,"Roaring Brook Press,","When a kitty discovers there is no cat food in the house, she decides to become very, very bad.",,Picture Book,Cats Juvenile fiction;Food Juvenile fiction;Human behavior Juvenile fiction;Alphabet Juvenile fiction,Juvenile,Books
723669,http://catalog.douglascountylibraries.org//Record/723669,The untouchables,"De Palma, Brian;Mamet, David;Smith, Charles Martin;De Niro, Robert;Paramount DVD;Costner, Kevin;Garcia, Andy;Paramount Pictures Corporation;Linson, Art;Connery, Sean",http://catalog.douglascountrylibraries.org/bookcover.php?isn=079219909X&upc=097360504248&id=723669&size=small,"Paramount Pictures,",,Feature films;Video recordings for the hearing impaired,DVD,"Capone, Al, 1899-1947 Drama;Ness, Eliot Drama;Crime Illinois Chicago History Drama",Adult,DVD
724056,http://catalog.douglascountylibraries.org//Record/724056,The agony and the ecstasy :a biographical novel of Michelangelo,"Stone, Irving, 1903-1989",http://catalog.douglascountrylibraries.org/bookcover.php?isn=9780451213235&upc=&id=724056&size=small,"New American Library,",,Biographical fiction;Historical fiction,Book,"Michelangelo Buonarroti, 1475-1564 Fiction;Artists Italy Fiction",,Books
724343,http://catalog.douglascountylibraries.org//Record/724343,E.T. :the extra-terrestrial,"Universal Studios Home Entertainment (Firm);Spielberg, Steven, 1946-;Thomas, Henry;Stone, Dee Wallace, 1948-",http://catalog.douglascountrylibraries.org/bookcover.php?isn=1417065818&upc=025192866524&id=724343&size=small,"Distr. Universal Studios,",,Feature films;Video recordings for the hearing impaired,DVD,Life on other planets Drama;Friendship Drama,General,DVD
737718,http://catalog.douglascountylibraries.org//Record/737718,If you could see me now,"Ahern, Cecelia, 1981-",http://catalog.douglascountrylibraries.org/bookcover.php?isn=9780786891139&upc=&id=737718&size=small,"Hyperion,",,Psychological fiction,Book,Sisters Fiction;Sibling rivalry Fiction,,Books
739864,http://catalog.douglascountylibraries.org//Record/739864,Nicaragua,"Streiffert, Kristi;Kott, Jennifer, 1971-",http://catalog.douglascountrylibraries.org/bookcover.php?isn=0761419691&upc=&id=739864&size=small,"Marshall Cavendish Benchmark,","An introduction to the geography, history, government, economy, culture, religion and social life and customs of Nicaragua.",,Book,,Juvenile,Books
744477,http://catalog.douglascountylibraries.org//Record/744477,Sweet bird of youth,"Newman, Paul, 1925-2008;Page, Geraldine;Berman, Pandro S., 1905-1996;Brooks, Richard, 1912-1992;Begley, Sr;Williams, Tennessee, 1911-1983",http://catalog.douglascountrylibraries.org/bookcover.php?isn=0790776596&upc=012569573123&id=744477&size=small,"Warner Home Video,","A Hollywood gigolo, determined to become a star, teams up with Alexandra Del Lago, a washed-up Hollywood actress, on his way back to his small-town home.",,DVD,,Adult,DVD
750388,http://catalog.douglascountylibraries.org//Record/750388,Volcanoes,"Niz, Xavier",http://catalog.douglascountrylibraries.org/bookcover.php?isn=0736843094&upc=9780736843096&id=750388&size=small,"Capstone Press,","""Describes volcanoes, including how they form, plants and animals near volcanoes, how people and weather change volcanoes, volcanoes in North America, and the Ring of Fire""--Provided by publisher.",,Book,Volcanoes Juvenile literature,Juvenile,Books
751917,http://catalog.douglascountylibraries.org//Record/751917,Dark light,"White, Randy Wayne",http://catalog.douglascountrylibraries.org/bookcover.php?isn=0399153365&upc=&id=751917&size=small,"G.P. Putnam's Sons,",,"Suspense fiction;Detective and mystery stories, American",Book,"Ford, Doc (Fictitious character) Fiction;Marine biologists Fiction;Shipwrecks Fiction",,Books
758872,http://catalog.douglascountylibraries.org//Record/758872,Pots and pans,,http://catalog.douglascountrylibraries.org/bookcover.php?isn=null&upc=&id=758872&size=small,,"Rhyming text imitates Baby finding pots, pans, lids, and cans in the kitchen.",,,,,
758948,http://catalog.douglascountylibraries.org//Record/758948,Collected,Massive Attack (Musical group),http://catalog.douglascountrylibraries.org/bookcover.php?isn=null&upc=094636006826&id=758948&size=small,"Virgin,","Massive Attack are one of the biggest bands in the world of electronic music with their brand of innovative and dark mix of hip-hop, samples and melodies. Their best work to date has been put together in this best of collection.",Electronic music;Underground dance music;Rhythm and blues music;Dance music;Alternative rock music;Rock music;Dance-Pop music;Trance (Underground dance music),Music CD,,Adult,Music
760136,http://catalog.douglascountylibraries.org//Record/760136,Hawks from every angle :how to identify raptors in flight,"Liguori, Jerry, 1966-",http://catalog.douglascountrylibraries.org/bookcover.php?isn=0691118248&upc=9780691118246&id=760136&size=small,"Princeton University Press,",,,Book,Falconiformes North America Identification;Falconiformes Flight North America Pictorial works,,Books
762449,http://catalog.douglascountylibraries.org//Record/762449,Disney learning,,http://catalog.douglascountrylibraries.org/bookcover.php?isn=1573505145&upc=044702014330&id=762449&size=small,"Disney Interactive,",,,CD,"Education, Elementary Activity programs Juvenile literature;Educational games Juvenile literature;Education, Elementary Juvenile literature;Education, Elementary Parent participation Juvenile literature;Mathematics Study and teaching (Elementary) Juvenile literature;Reading Parent participation Juvenile literature;Personal computers Interactive multimedia CD-ROMs;Macintosh (Computer) Juvenile interactive multimedia CD-ROMs",Juvenile,Other
762920,http://catalog.douglascountylibraries.org//Record/762920,Sylvia Browne's Tools for life,"Browne, Sylvia",http://catalog.douglascountrylibraries.org/bookcover.php?isn=1401901352&upc=9781401901356&id=762920&size=small,"Hay House Audio,",,,CD,Parapsychology;Visualization;Intuition;Hypnotism;Spiritualism;Meditation,,Audio Book
763479,http://catalog.douglascountylibraries.org//Record/763479,Arthur's missing pal,,http://catalog.douglascountrylibraries.org/bookcover.php?isn=null&upc=031398198390&id=763479&size=small,"Lions Gate Entertainment,","In Arthur's first-ever movie, Arthur's dog Pal disappears and Arthur must enlist the help of Buster and the gang to track him down. While Pal finds his freedom, Arthur discovers how much he misses his dog. Will he find Pal and learn responsibility?",,DVD,Arthur (Fictitious character : Brown) Juvenile drama;Aardvark Juvenile drama,,DVD
765352,http://catalog.douglascountylibraries.org//Record/765352,Elizabeth I,"Home Box Office (Firm);HBO Films;Irons, Jeremy, 1948-;Dancy, Hugh, 1975-;McDiarmid, Ian;Mirren, Helen;HBO Video (Firm)",http://catalog.douglascountrylibraries.org/bookcover.php?isn=0783142722&upc=026359333521&id=765352&size=small,"Home Box Office,","Explores the intersection of the private and public life of Elizabeth I in the latter half of her reign, offering a personal look at her allies, her enemies, and her suitors as she struggles to survive in a male-dominated world.",Films for the hearing impaired,DVD,"Elizabeth I, Queen of England, 1533-1603 Drama",Adult,DVD
768069,http://catalog.douglascountylibraries.org//Record/768069,The period book :everything you don't want to ask (but need to know),"Gravelle, Karen",http://catalog.douglascountrylibraries.org/bookcover.php?isn=0802780725&upc=&id=768069&size=small,"Walker & Co.,","Explains what happens at the onset of menstruation, discussing what to wear, going to the gynecologist, and how to handle various problems.",,Book,Menstruation Juvenile literature;Teenage girls Health and hygiene Juvenile literature,Juvenile,Books
769153,http://catalog.douglascountylibraries.org//Record/769153,Colorado's ghost towns & mining camps,"Wright, David;Universal Systems, Inc",http://catalog.douglascountrylibraries.org/bookcover.php?isn=null&upc=&id=769153&size=small,"Universal Systems, Inc. ;",,Documentary films;Historical films,DVD,Mines and mineral resources Colorado History,General,DVD
770973,http://catalog.douglascountylibraries.org//Record/770973,Yeah right!,"Jonze, Spike;Rhino Transport (Firm);Weincheque, Cory;Evans, Ty",http://catalog.douglascountrylibraries.org/bookcover.php?isn=null&upc=603497024728&id=770973&size=small,"Rhino,","Some of the world's best skateboarders, including the Girl Skateboard Team, show off their chops.",Documentary films;Sports films,DVD,Skateboarding;Skateboarders,Adult,DVD
771509,http://catalog.douglascountylibraries.org//Record/771509,Live at Texas Stadium,,http://catalog.douglascountrylibraries.org/bookcover.php?isn=null&upc=&id=771509&size=small,,,,,,,
771728,http://catalog.douglascountylibraries.org//Record/771728,Will you be my friend? :a Bunny and Bird story,"Tafuri, Nancy",http://catalog.douglascountrylibraries.org/bookcover.php?isn=0590637827&upc=&id=771728&size=small,"Scholastic Press,","Bird comes to feel less shy when Bunny helps her rebuild her ruined nest, showing her what a good friend can be.",,Storytime Materials,Rabbits Juvenile fiction;Birds Juvenile fiction;Friendship Juvenile fiction;Storytime materials (For staff use in library),Juvenile,Other
772866,http://catalog.douglascountylibraries.org//Record/772866,Pirate Pete's giant adventure,"Kennedy, Doug;Kennedy, Kim",http://catalog.douglascountrylibraries.org/bookcover.php?isn=9780810959651&upc=&id=772866&size=small,"Abrams Books for Young Readers,",A sea-fairy promises Pirate Pete a ship of his own if he can return the sea-fairy sapphire to the sea.,,Picture Book,Pirates Juvenile fiction;Parrots Juvenile fiction;Giants Juvenile fiction;Wishes Juvenile fiction,Juvenile,Books
778757,http://catalog.douglascountylibraries.org//Record/778757,Tim Allen live onstage2 standup comedy concerts,,http://catalog.douglascountrylibraries.org/bookcover.php?isn=null&upc=780014992590&id=778757&size=small,"Rhino,",2 comedy concerts which represent the best of Tim Allen as a stand-up comedian before his hit TV series 'Home Improvement' and his film success with movies such as 'The Shaggy Dog' and 'The Santa Claus' movies. Includes a never released Tim Allen short.,Comedy films,DVD,Stand-up comedy,Adult,DVD
779113,http://catalog.douglascountylibraries.org//Record/779113,"Bly on direct marketing :258 ways to double your response, based on a quarter century of proven results","Bly, Robert W",http://catalog.douglascountrylibraries.org/bookcover.php?isn=0976517213&upc=&id=779113&size=small,MeritDirect Press,,,Book,Direct marketing;Industrial marketing,,Books
785774,http://catalog.douglascountylibraries.org//Record/785774,Fragile thingsshort fictions and wonders,,http://catalog.douglascountrylibraries.org/bookcover.php?isn=null&upc=&id=785774&size=small,,"In this collection of over 25 pieces of short fiction, including a novella featuring the hero of ""American gods,"" Gaiman charts the terrain between life and death, perception and reality, darkness and light. From an alternate-universe Victorian England to months of the year sitting around chatting, this volume should dazzle the senses.",,,,,
790945,http://catalog.douglascountylibraries.org//Record/790945,The godfather,"Gardner, Grover;Puzo, Mario, 1920-1999",http://catalog.douglascountrylibraries.org/bookcover.php?isn=9781415935309&upc=&id=790945&size=small,"Books on Tape,",,,CD,Mafia Fiction;Detective and mystery stories,General,Audio Book
800990,http://catalog.douglascountylibraries.org//Record/800990,Ella Fitzgerald & friends for lovers,,http://catalog.douglascountrylibraries.org/bookcover.php?isn=null&upc=&id=800990&size=small,,"On these eleven tracks, Fitzgerald and friends - including Duke Ellington, Count Basie, and Stan Getz - create music that is bound to capture your heart.",,,,,
801872,http://catalog.douglascountylibraries.org//Record/801872,The Renaissance,"Fitzpatrick, Anne, 1978-",http://catalog.douglascountrylibraries.org/bookcover.php?isn=9781583413494&upc=&id=801872&size=small,"Creative Education,",Discusses the art and artists of the period in history known as the Renaissance.,,Book,"Art, Renaissance Juvenile literature",Juvenile,Books
809559,http://catalog.douglascountylibraries.org//Record/809559,Superstars of the 80s,"Turner, Tina;Benatar, Pat;Collins, Phil;Idol, Billy;Winwood, Steve, 1948-;Bowie, David",http://catalog.douglascountrylibraries.org/bookcover.php?isn=null&upc=610583182620&id=809559&size=small,"Time/Life Wea,","Packed with 45 unforgettable hits, this three disc collection will take music fans back to the early days of MTV. This collection includes hits from such artists as David Bowie, INXS, ABC, Tina Turner, Duran Duran, and more.",,Music CD,Rock music 1981-1990,Adult,Music
811697,http://catalog.douglascountylibraries.org//Record/811697,The little book of common sense investing[the only way to guarantee your fair share of market returns],"Bogle, John C;Pinto, Thom",http://catalog.douglascountrylibraries.org/bookcover.php?isn=9780792747314&upc=&id=811697&size=small,Audio Renaissance ;,"A power-packed explanation of why outperforming the market is an investor illusion. Instead, the man who has been called the conscience of the investment industry recommends a simple, time-tested investment strategy--indexing--that can deliver the greatest return to the greatest number of investors. Why? Investing is a zero sum game where transaction costs, taxes, poor investment diversification, and poor market-timing (an affliction for most investors) hurts your portfolio more than it helps. Indexing eliminates that hurt. Bottom-line, if you can't be an index, why not invest in one. And you'll be all the happier and richer for it.",Audiobooks,CD,Index mutual funds,,Audio Book
818895,http://catalog.douglascountylibraries.org//Record/818895,"Toys go outbeing the adventures of a knowledgeable Stingray, a toughy little Buffalo, and someone called Plastic","Jenkins, Emily, 1967-;Martinez, Melanie",http://catalog.douglascountrylibraries.org/bookcover.php?isn=9781428145993&upc=&id=818895&size=small,"Recorded Books,","Six stories relate the adventures of three best friends, who happen to be toys.",Audiobooks,CD,Toys Juvenile fiction;Best friends Juvenile fiction;Friendship Juvenile fiction;Stuffed animals (Toys) Juvenile fiction;Adventure stories Juvenile literature,Juvenile,Audio Book
822255,http://catalog.douglascountylibraries.org//Record/822255,The best of Sergio Mendes & Brasil '66,,http://catalog.douglascountrylibraries.org/bookcover.php?isn=null&upc=&id=822255&size=small,,,,,,,
830263,http://catalog.douglascountylibraries.org//Record/830263,The busy little squirrel,"Tafuri, Nancy",http://catalog.douglascountrylibraries.org/bookcover.php?isn=9780689873416&upc=&id=830263&size=small,"Simon & Schuster Books for Young Readers,","Squirrel is too busy getting ready for winter to nibble a pumpkin with Mouse, run in the field with Dog, or otherwise play with any of the other animals. The leaves have started to fall. The air is cold. Squirrel needs to get ready for winter. He cannot nibble with the mice. He does not have time to hop with the frogs or run with the dogs. But there is one thing he can do!",,Picture Book,Squirrels Juvenile fiction;Animals Juvenile fiction;Autumn Juvenile fiction,Juvenile,Books
838807,http://catalog.douglascountylibraries.org//Record/838807,The Merck/Merial manual for pet health,"Merck & Co;Kahn, Cynthia M",http://catalog.douglascountrylibraries.org/bookcover.php?isn=9780911910995&upc=&id=838807&size=small,"Merck & Co.,",,,Book;Reference,"Pets Care Handbooks, manuals, etc;Veterinary medicine Handbooks, manuals, etc;Animal health Handbooks, manuals, etc",,Books
845583,http://catalog.douglascountylibraries.org//Record/845583,The Wiz,"Universal Studios Home Video (Firm);Lumet, Sidney, 1924-2011;Ross, Ted;Horne, Lena;Small, Charles, 1927-;Ross, Diana, 1944-;Pryor, Richard, 1940-2005;Jackson, Michael, 1958-2009;Russell, Nipsey, 1924-2005;Baum, L. Frank 1856-1919;Brown, William F. 1928-;Universal Music Enterprises",http://catalog.douglascountrylibraries.org/bookcover.php?isn=null&upc=025195002844&id=845583&size=small,"Universal,","A schoolteacher in Harlem is whisked away by a snowstorm, to a fantasy New York City in order to find herself. Along the way she meets the Scarecrow, the Tinman, and the Lion. Includes bonus CD.",Musical films;Feature films,DVD,"Gale, Dorothy (Fictitious character) Drama;Oz (Imaginary place) Drama",Adult,DVD
858041,http://catalog.douglascountylibraries.org//Record/858041,Master of deception,"Watson, Jude",http://catalog.douglascountrylibraries.org/bookcover.php?isn=9780439681421&upc=&id=858041&size=small,"Scholastic,","Ferus Olin's in full blown double agent mode and that's got him and his friends worried. Friendship and loyalty are certainly tested when it comes down to the question of ""who do you serve?"" or ""How much hurt can one inflict while doing something necessary?""",Star Wars fiction;Science fiction,Book,"Olin, Ferus (Fictitious character) Juvenile fiction;Weapons Juvenile fiction;Voyages and travels Juvenile fiction;Life on other planets Juvenile fiction;Extraterrestrial beings Juvenile fiction;Jedi Knights (Fictitious characters) Juvenile fiction",Juvenile,Books
878328,http://catalog.douglascountylibraries.org//Record/878328,Play,"Paisley, Brad",http://catalog.douglascountrylibraries.org/bookcover.php?isn=null&upc=886972690827&id=878328&size=small,"Sony Nashville,","Features guests such as Keith Urban, Buck Owens, and B.B. King.",,Music CD,Guitar music;Country music,Adult,Music
879187,http://catalog.douglascountylibraries.org//Record/879187,"Money, and the law of attraction :learning to attract wealth, health, and happiness","Hicks, Jerry;Abraham (Spirit);Hicks, Esther",http://catalog.douglascountrylibraries.org/bookcover.php?isn=9781401918811&upc=&id=879187&size=small,"Hay House, Inc.,",,,Book,Success;New Thought;Money;Health;Well-being,,Books
891237,http://catalog.douglascountylibraries.org//Record/891237,Scooby-Doo2monsters unleashed,"Prinze, Freddie, Jr;Gunn, James, 1970-;Boyle, Peter, 1935-2006;Green, Seth, 1974-;Suckle, Richard;Roven, Charles;Mosaic Media Group (Firm);Gosnell, Raja;Gellar, Sarah Michelle, 1977-;Warner Home Video (Firm);Warner Bros. Pictures (1969- )",http://catalog.douglascountrylibraries.org/bookcover.php?isn=9780790782874&upc=085392839926&id=891237&size=small,"Warner Home Video,",A masked villain wreaks mayhem on the city of Coolsville with a monster machine that creates real-life versions of Mystery Inc.'s former foes.,Scooby-Doo films;Children's films;Films for the hearing impaired,DVD,Scooby-Doo (Fictitious character) Juvenile drama;Monsters Juvenile drama,Juvenile,DVD
892748,http://catalog.douglascountylibraries.org//Record/892748,Froggy eats out,"London, Jonathan, 1947-;Remkiewicz, Frank",http://catalog.douglascountrylibraries.org/bookcover.php?isn=9780670896868&upc=&id=892748&size=small,"Viking,","After Froggy misbehaves at a fancy restaurant, his parents take him to a fast flies restaurant to celebrate their anniversary.",,Picture Book,Frogs Juvenile fiction;Restaurants Juvenile fiction,Juvenile,Books
893467,http://catalog.douglascountylibraries.org//Record/893467,Yes - the new director's cut,,http://catalog.douglascountrylibraries.org/bookcover.php?isn=null&upc=760137507390&id=893467&size=small,"Music Video Distributors,","From the footage of the 2003 world tour that didn't make it into the original edit. Recorded live during the 35th Anniversary World Tour, this is the wondrous songs and stories of YES. Featuring the Classic line-up of YES.",,DVD,,Adult,DVD
895137,http://catalog.douglascountylibraries.org//Record/895137,The Berenstain bears get their kicks,"Berenstain, Stan, 1923-2005;Berenstain, Jan, 1923-2012",http://catalog.douglascountrylibraries.org/bookcover.php?isn=0679889558&upc=&id=895137&size=small,"Random House,",,,Picture Book,Bears Juvenile fiction;Soccer stories,Juvenile,Books
895138,http://catalog.douglascountylibraries.org//Record/895138,The Berenstain Bears and the sitter,"Berenstain, Stan, 1923-2005;Berenstain, Jan, 1923-2012",http://catalog.douglascountrylibraries.org/bookcover.php?isn=0394848373&upc=&id=895138&size=small,"Random House,","Brother and Sister Bear are not happy with the idea of Mrs. Grizzle for a baby-sitter, but they find her drawstring bag very intriguing.",,Picture Book,Bears Fiction;Babysitters Fiction,Juvenile,Books
895145,http://catalog.douglascountylibraries.org//Record/895145,Young Cam Jansen and the missing cookie,"Natti, Susanna;Adler, David A",http://catalog.douglascountrylibraries.org/bookcover.php?isn=0670867721&upc=&id=895145&size=small,"Viking,",Fifth-grade sleuth Cam Jansen uses her photographic memory to discover what happened to a classmate's missing cookie.,,Book,Cookies Juvenile fiction;Detective and mystery stories,Juvenile,Books
895146,http://catalog.douglascountylibraries.org//Record/895146,Tales of a fourth grade nothing,"Doty, Roy, 1922-;Blume, Judy",http://catalog.douglascountrylibraries.org/bookcover.php?isn=9780525469315&upc=&id=895146&size=small,Dutton :,Peter finds his demanding two-year-old brother an ever increasing problem.,Humorous fiction,Book,Brothers Juvenile fiction;Families Juvenile fiction,Juvenile,Books
895148,http://catalog.douglascountylibraries.org//Record/895148,Otis Spofford,"Cleary, Beverly;Darling, Louis",http://catalog.douglascountrylibraries.org/bookcover.php?isn=0380709198&upc=&id=895148&size=small,Morrow :,"The class cut-up is given his come-uppance by gentle, timid Ellen Tebbits.",,Book,Schools Juvenile fiction,Juvenile,Books
895199,http://catalog.douglascountylibraries.org//Record/895199,Dot the fire dog,"Desimini, Lisa",http://catalog.douglascountrylibraries.org/bookcover.php?isn=9780439233224&upc=&id=895199&size=small,"Blue Sky Press,",Dot the dalmatian that lives at a firehouse accompanies the firefighters when they rush to a burning house.,,Picture Book,Fire fighters Juvenile fiction;Dalmatian dog Juvenile fiction;Dogs Juvenile fiction,Juvenile,Books
895207,http://catalog.douglascountylibraries.org//Record/895207,"D.W., go to your room!","Brown, Marc Tolon",http://catalog.douglascountrylibraries.org/bookcover.php?isn=9780316109055&upc=&id=895207&size=small,"Little, Brown,","When D.W. is sent to her room as punishment for making baby Kate cry, it is Kate who finally makes her feel better.",,Picture Book,Sisters Juvenile fiction;Families Juvenile fiction;Aardvark Fiction,Juvenile,Books
895209,http://catalog.douglascountylibraries.org//Record/895209,Curious George and the dump truck,"Rey, H. A. 1898-1977;Rey, Margret;Vipah Interactive",http://catalog.douglascountrylibraries.org/bookcover.php?isn=9780395978320&upc=&id=895209&size=small,"Houghton Mifflin,",Curious George creates a mess when he boards a dump truck and spills a load of dirt in a pond but redeems himself when the dirt creates an island for ducks in the pond.,,Picture Book,Monkeys Juvenile fiction;Ducks Juvenile fiction;Dump trucks Juvenile fiction;Chimpanzees Juvenile fiction,Juvenile,Books
895225,http://catalog.douglascountylibraries.org//Record/895225,Great day for up,"Seuss, Dr",http://catalog.douglascountrylibraries.org/bookcover.php?isn=null&upc=&id=895225&size=small,,"Rhymed text and illustrations introduce the many meanings of ""up.""",,Book,,Juvenile,
